per,sec,sub,stf,per_set,sec_ppw,sub_ppw,sub_weight,stf_max_ppw,sec_name,sub_name,stf_name
P1,G1,S1,T11,false,85,2,1,27,5A,COM,SHU
P2,G1,S1,T11,false,85,2,1,27,5A,COM,SHU
P3,G1,S2,T12,false,85,1,1,27,5A,DC,SOU
P4,G1,S3,T2,false,85,6,1,27,5A,EN,CHA
P5,G1,S3,T2,false,85,6,1,27,5A,EN,CHA
P6,G1,S3,T2,false,85,6,1,27,5A,EN,CHA
P7,G1,S3,T2,false,85,6,1,27,5A,EN,CHA
P8,G1,S3,T2,false,85,6,1,27,5A,EN,CHA
P9,G1,S3,T2,false,85,6,1,27,5A,EN,CHA
P10,G1,S4,T4,false,85,2,1,27,5A,ENC,KRU
P11,G1,S4,T4,false,85,2,1,27,5A,ENC,KRU
P12,G1,S5,T11,false,85,1,1,27,5A,IG,SHU
P13,G1,S6,T13,false,85,5,1,27,5A,KAN,SUM
P14,G1,S6,T13,false,85,5,1,27,5A,KAN,SUM
P15,G1,S6,T13,false,85,5,1,27,5A,KAN,SUM
P16,G1,S6,T13,false,85,5,1,27,5A,KAN,SUM
P17,G1,S6,T13,false,85,5,1,27,5A,KAN,SUM
P18,G1,S7,T12,false,85,1,1,27,5A,LL,SOU
P19,G1,S8,T19,false,85,6,1,27,5A,MATH,MAM
P20,G1,S8,T19,false,85,6,1,27,5A,MATH,MAM
P21,G1,S8,T19,false,85,6,1,27,5A,MATH,MAM
P22,G1,S8,T19,false,85,6,1,27,5A,MATH,MAM
P23,G1,S8,T19,false,85,6,1,27,5A,MATH,MAM
P24,G1,S8,T19,false,85,6,1,27,5A,MATH,MAM
P25,G1,S10,T6,false,85,1,1,27,5A,MG,JYO
P26,G1,S11,T19,false,85,2,1,27,5A,MS,MAM
P27,G1,S11,T19,false,85,2,1,27,5A,MS,MAM
P28,G1,S12,T18,false,85,1,1,27,5A,MUS,ROO
P29,G1,S13,T8,false,85,1,1,27,5A,NIE,MLH
P30,G1,S15,T16,false,85,5,1,27,5A,SAN,VEE
P31,G1,S15,T16,false,85,5,1,27,5A,SAN,VEE
P32,G1,S15,T16,false,85,5,1,27,5A,SAN,VEE
P33,G1,S15,T16,false,85,5,1,27,5A,SAN,VEE
P34,G1,S15,T16,false,85,5,1,27,5A,SAN,VEE
P35,G1,S16,T12,false,85,4,1,27,5A,SCI,SOU
P36,G1,S16,T12,false,85,4,1,27,5A,SCI,SOU
P37,G1,S16,T12,false,85,4,1,27,5A,SCI,SOU
P38,G1,S16,T12,false,85,4,1,27,5A,SCI,SOU
P39,G1,S17,T5,false,85,4,1,27,5A,SS,JK
P40,G1,S17,T5,false,85,4,1,27,5A,SS,JK
P41,G1,S17,T5,false,85,4,1,27,5A,SS,JK
P42,G1,S17,T5,false,85,4,1,27,5A,SS,JK
P43,G1,S9,T8,false,85,1,1,27,5A,MATHG,MLH
P44,G1,S14,T15,false,85,2,1,27,5A,PT,UMA
P45,G1,S14,T15,false,85,2,1,27,5A,PT,UMA
P46,G2,S1,T11,false,85,2,1,27,5B,COM,SHU
P47,G2,S1,T11,false,85,2,1,27,5B,COM,SHU
P48,G2,S2,T13,false,85,1,1,27,5B,DC,SUM
P49,G2,S3,T2,false,85,6,1,27,5B,EN,CHA
P50,G2,S3,T2,false,85,6,1,27,5B,EN,CHA
P51,G2,S3,T2,false,85,6,1,27,5B,EN,CHA
P52,G2,S3,T2,false,85,6,1,27,5B,EN,CHA
P53,G2,S3,T2,false,85,6,1,27,5B,EN,CHA
P54,G2,S3,T2,false,85,6,1,27,5B,EN,CHA
P55,G2,S4,T5,false,85,2,1,27,5B,ENC,JK
P56,G2,S4,T5,false,85,2,1,27,5B,ENC,JK
P57,G2,S5,T13,false,85,1,1,27,5B,IG,SUM
P58,G2,S6,T12,false,85,5,1,27,5B,KAN,SOU
P59,G2,S6,T12,false,85,5,1,27,5B,KAN,SOU
P60,G2,S6,T12,false,85,5,1,27,5B,KAN,SOU
P61,G2,S6,T12,false,85,5,1,27,5B,KAN,SOU
P62,G2,S6,T12,false,85,5,1,27,5B,KAN,SOU
P63,G2,S7,T15,false,85,1,1,27,5B,LL,UMA
P64,G2,S8,T9,false,85,6,1,27,5B,MATH,CSP
P65,G2,S8,T9,false,85,6,1,27,5B,MATH,CSP
P66,G2,S8,T9,false,85,6,1,27,5B,MATH,CSP
P67,G2,S8,T9,false,85,6,1,27,5B,MATH,CSP
P68,G2,S8,T9,false,85,6,1,27,5B,MATH,CSP
P69,G2,S8,T9,false,85,6,1,27,5B,MATH,CSP
P70,G2,S10,T10,false,85,1,1,27,5B,MG,SRU
P71,G2,S11,T8,false,85,2,1,27,5B,MS,MLH
P72,G2,S11,T8,false,85,2,1,27,5B,MS,MLH
P73,G2,S12,T7,false,85,1,1,27,5B,MUS,MAL
P74,G2,S13,T10,false,85,1,1,27,5B,NIE,SRU
P75,G2,S15,T18,false,85,5,1,27,5B,SAN,ROO
P76,G2,S15,T18,false,85,5,1,27,5B,SAN,ROO
P77,G2,S15,T18,false,85,5,1,27,5B,SAN,ROO
P78,G2,S15,T18,false,85,5,1,27,5B,SAN,ROO
P79,G2,S15,T18,false,85,5,1,27,5B,SAN,ROO
P80,G2,S16,T15,false,85,4,1,27,5B,SCI,UMA
P81,G2,S16,T15,false,85,4,1,27,5B,SCI,UMA
P82,G2,S16,T15,false,85,4,1,27,5B,SCI,UMA
P83,G2,S16,T15,false,85,4,1,27,5B,SCI,UMA
P84,G2,S17,T10,false,85,4,1,27,5B,SS,SRU
P85,G2,S17,T10,false,85,4,1,27,5B,SS,SRU
P86,G2,S17,T10,false,85,4,1,27,5B,SS,SRU
P87,G2,S17,T10,false,85,4,1,27,5B,SS,SRU
P88,G2,S9,T9,false,85,1,1,27,5B,MATHG,CSP
P89,G2,S14,T3,false,85,2,1,27,5B,PT,DEE
P90,G2,S14,T3,false,85,2,1,27,5B,PT,DEE
P91,G3,S1,T14,false,85,2,1,27,5C,COM,SUJ
P92,G3,S1,T14,false,85,2,1,27,5C,COM,SUJ
P93,G3,S2,T16,false,85,1,1,27,5C,DC,VEE
P94,G3,S3,T5,false,85,6,1,27,5C,EN,JK
P95,G3,S3,T5,false,85,6,1,27,5C,EN,JK
P96,G3,S3,T5,false,85,6,1,27,5C,EN,JK
P97,G3,S3,T5,false,85,6,1,27,5C,EN,JK
P98,G3,S3,T5,false,85,6,1,27,5C,EN,JK
P99,G3,S3,T5,false,85,6,1,27,5C,EN,JK
P100,G3,S4,T5,false,85,2,1,27,5C,ENC,JK
P101,G3,S4,T5,false,85,2,1,27,5C,ENC,JK
P102,G3,S5,T16,false,85,1,1,27,5C,IG,VEE
P103,G3,S6,T13,false,85,5,1,27,5C,KAN,SUM
P104,G3,S6,T13,false,85,5,1,27,5C,KAN,SUM
P105,G3,S6,T13,false,85,5,1,27,5C,KAN,SUM
P106,G3,S6,T13,false,85,5,1,27,5C,KAN,SUM
P107,G3,S6,T13,false,85,5,1,27,5C,KAN,SUM
P108,G3,S7,T12,false,85,1,1,27,5C,LL,SOU
P109,G3,S8,T15,false,85,6,1,27,5C,MATH,UMA
P110,G3,S8,T15,false,85,6,1,27,5C,MATH,UMA
P111,G3,S8,T15,false,85,6,1,27,5C,MATH,UMA
P112,G3,S8,T15,false,85,6,1,27,5C,MATH,UMA
P113,G3,S8,T15,false,85,6,1,27,5C,MATH,UMA
P114,G3,S8,T15,false,85,6,1,27,5C,MATH,UMA
P115,G3,S10,T12,false,85,1,1,27,5C,MG,SOU
P116,G3,S11,T15,false,85,2,1,27,5C,MS,UMA
P117,G3,S11,T15,false,85,2,1,27,5C,MS,UMA
P118,G3,S12,T7,false,85,1,1,27,5C,MUS,MAL
P119,G3,S13,T10,false,85,1,1,27,5C,NIE,SRU
P120,G3,S15,T11,false,85,5,1,27,5C,SAN,SHU
P121,G3,S15,T11,false,85,5,1,27,5C,SAN,SHU
P122,G3,S15,T11,false,85,5,1,27,5C,SAN,SHU
P123,G3,S15,T11,false,85,5,1,27,5C,SAN,SHU
P124,G3,S15,T11,false,85,5,1,27,5C,SAN,SHU
P125,G3,S16,T19,false,85,4,1,27,5C,SCI,MAM
P126,G3,S16,T19,false,85,4,1,27,5C,SCI,MAM
P127,G3,S16,T19,false,85,4,1,27,5C,SCI,MAM
P128,G3,S16,T19,false,85,4,1,27,5C,SCI,MAM
P129,G3,S17,T10,false,85,4,1,27,5C,SS,SRU
P130,G3,S17,T10,false,85,4,1,27,5C,SS,SRU
P131,G3,S17,T10,false,85,4,1,27,5C,SS,SRU
P132,G3,S17,T10,false,85,4,1,27,5C,SS,SRU
P133,G3,S9,T15,false,85,1,1,27,5C,MATHG,UMA
P134,G3,S14,T3,false,85,2,1,27,5C,PT,DEE
P135,G3,S14,T3,false,85,2,1,27,5C,PT,DEE
P136,G4,S1,T2,false,85,2,1,27,5D,COM,CHA
P137,G4,S1,T2,false,85,2,1,27,5D,COM,CHA
P138,G4,S2,T7,false,85,1,1,27,5D,DC,MAL
P139,G4,S3,T14,false,85,6,1,27,5D,EN,SUJ
P140,G4,S3,T14,false,85,6,1,27,5D,EN,SUJ
P141,G4,S3,T14,false,85,6,1,27,5D,EN,SUJ
P142,G4,S3,T14,false,85,6,1,27,5D,EN,SUJ
P143,G4,S3,T14,false,85,6,1,27,5D,EN,SUJ
P144,G4,S3,T14,false,85,6,1,27,5D,EN,SUJ
P145,G4,S4,T4,false,85,2,1,27,5D,ENC,KRU
P146,G4,S4,T4,false,85,2,1,27,5D,ENC,KRU
P147,G4,S5,T13,false,85,1,1,27,5D,IG,SUM
P148,G4,S6,T11,false,85,5,1,27,5D,KAN,SHU
P149,G4,S6,T11,false,85,5,1,27,5D,KAN,SHU
P150,G4,S6,T11,false,85,5,1,27,5D,KAN,SHU
P151,G4,S6,T11,false,85,5,1,27,5D,KAN,SHU
P152,G4,S6,T11,false,85,5,1,27,5D,KAN,SHU
P153,G4,S7,T18,false,85,1,1,27,5D,LL,ROO
P154,G4,S8,T19,false,85,6,1,27,5D,MATH,MAM
P155,G4,S8,T19,false,85,6,1,27,5D,MATH,MAM
P156,G4,S8,T19,false,85,6,1,27,5D,MATH,MAM
P157,G4,S8,T19,false,85,6,1,27,5D,MATH,MAM
P158,G4,S8,T19,false,85,6,1,27,5D,MATH,MAM
P159,G4,S8,T19,false,85,6,1,27,5D,MATH,MAM
P160,G4,S10,T2,false,85,1,1,27,5D,MG,CHA
P161,G4,S11,T19,false,85,2,1,27,5D,MS,MAM
P162,G4,S11,T19,false,85,2,1,27,5D,MS,MAM
P163,G4,S12,T12,false,85,1,1,27,5D,MUS,SOU
P164,G4,S13,T10,false,85,1,1,27,5D,NIE,SRU
P165,G4,S15,T12,false,85,5,1,27,5D,SAN,SOU
P166,G4,S15,T12,false,85,5,1,27,5D,SAN,SOU
P167,G4,S15,T12,false,85,5,1,27,5D,SAN,SOU
P168,G4,S15,T12,false,85,5,1,27,5D,SAN,SOU
P169,G4,S15,T12,false,85,5,1,27,5D,SAN,SOU
P170,G4,S16,T18,false,85,4,1,27,5D,SCI,ROO
P171,G4,S16,T18,false,85,4,1,27,5D,SCI,ROO
P172,G4,S16,T18,false,85,4,1,27,5D,SCI,ROO
P173,G4,S16,T18,false,85,4,1,27,5D,SCI,ROO
P174,G4,S17,T4,false,85,4,1,27,5D,SS,KRU
P175,G4,S17,T4,false,85,4,1,27,5D,SS,KRU
P176,G4,S17,T4,false,85,4,1,27,5D,SS,KRU
P177,G4,S17,T4,false,85,4,1,27,5D,SS,KRU
P178,G4,S9,T8,false,85,1,1,27,5D,MATHG,MLH
P179,G4,S14,T3,false,85,2,1,27,5D,PT,DEE
P180,G4,S14,T3,false,85,2,1,27,5D,PT,DEE
P181,G5,S1,T2,false,85,2,1,27,6A,COM,CHA
P182,G5,S1,T2,false,85,2,1,27,6A,COM,CHA
P183,G5,S2,T7,false,85,1,1,27,6A,DC,MAL
P184,G5,S3,T4,false,85,6,1,27,6A,EN,KRU
P185,G5,S3,T4,false,85,6,1,27,6A,EN,KRU
P186,G5,S3,T4,false,85,6,1,27,6A,EN,KRU
P187,G5,S3,T4,false,85,6,1,27,6A,EN,KRU
P188,G5,S3,T4,false,85,6,1,27,6A,EN,KRU
P189,G5,S3,T4,false,85,6,1,27,6A,EN,KRU
P190,G5,S4,T4,false,85,1,1,27,6A,ENC,KRU
P191,G5,S6,T13,false,85,4,1,27,6A,KAN,SUM
P192,G5,S6,T13,false,85,4,1,27,6A,KAN,SUM
P193,G5,S6,T13,false,85,4,1,27,6A,KAN,SUM
P194,G5,S6,T13,false,85,4,1,27,6A,KAN,SUM
P195,G5,S7,T18,false,85,1,1,27,6A,LL,ROO
P196,G5,S8,T14,false,85,4,1,27,6A,MATH,SUJ
P197,G5,S8,T14,false,85,4,1,27,6A,MATH,SUJ
P198,G5,S8,T14,false,85,4,1,27,6A,MATH,SUJ
P199,G5,S8,T14,false,85,4,1,27,6A,MATH,SUJ
P200,G5,S9,T8,false,85,2,1,27,6A,MATHG,MLH
P201,G5,S9,T8,false,85,2,1,27,6A,MATHG,MLH
P202,G5,S10,T1,false,85,1,1,27,6A,MG,ASH
P203,G5,S11,T14,false,85,2,1,27,6A,MS,SUJ
P204,G5,S11,T14,false,85,2,1,27,6A,MS,SUJ
P205,G5,S12,T12,false,85,1,1,27,6A,MUS,SOU
P206,G5,S13,T8,false,85,1,1,27,6A,NIE,MLH
P207,G5,S15,T20,false,85,4,1,27,6A,SAN,SND
P208,G5,S15,T20,false,85,4,1,27,6A,SAN,SND
P209,G5,S15,T20,false,85,4,1,27,6A,SAN,SND
P210,G5,S15,T20,false,85,4,1,27,6A,SAN,SND
P211,G5,S16,T9,false,85,6,1,27,6A,SCI,CSP
P212,G5,S16,T9,false,85,6,1,27,6A,SCI,CSP
P213,G5,S16,T9,false,85,6,1,27,6A,SCI,CSP
P214,G5,S16,T9,false,85,6,1,27,6A,SCI,CSP
P215,G5,S16,T9,false,85,6,1,27,6A,SCI,CSP
P216,G5,S16,T9,false,85,6,1,27,6A,SCI,CSP
P217,G5,S17,T17,false,85,6,1,27,6A,SS,KUM
P218,G5,S17,T17,false,85,6,1,27,6A,SS,KUM
P219,G5,S17,T17,false,85,6,1,27,6A,SS,KUM
P220,G5,S17,T17,false,85,6,1,27,6A,SS,KUM
P221,G5,S17,T17,false,85,6,1,27,6A,SS,KUM
P222,G5,S17,T17,false,85,6,1,27,6A,SS,KUM
P223,G5,S14,T20,false,85,3,1,27,6A,PT,SND
P224,G5,S14,T20,false,85,3,1,27,6A,PT,SND
P225,G5,S14,T20,false,85,3,1,27,6A,PT,SND
P226,G6,S1,T11,false,85,2,1,27,6B,COM,SHU
P227,G6,S1,T11,false,85,2,1,27,6B,COM,SHU
P228,G6,S2,T7,false,85,1,1,27,6B,DC,MAL
P229,G6,S3,T17,false,85,6,1,27,6B,EN,KUM
P230,G6,S3,T17,false,85,6,1,27,6B,EN,KUM
P231,G6,S3,T17,false,85,6,1,27,6B,EN,KUM
P232,G6,S3,T17,false,85,6,1,27,6B,EN,KUM
P233,G6,S3,T17,false,85,6,1,27,6B,EN,KUM
P234,G6,S3,T17,false,85,6,1,27,6B,EN,KUM
P235,G6,S4,T17,false,85,1,1,27,6B,ENC,KUM
P236,G6,S6,T13,false,85,4,1,27,6B,KAN,SUM
P237,G6,S6,T13,false,85,4,1,27,6B,KAN,SUM
P238,G6,S6,T13,false,85,4,1,27,6B,KAN,SUM
P239,G6,S6,T13,false,85,4,1,27,6B,KAN,SUM
P240,G6,S7,T6,false,85,1,1,27,6B,LL,JYO
P241,G6,S8,T20,false,85,6,1,27,6B,MATH,SND
P242,G6,S8,T20,false,85,6,1,27,6B,MATH,SND
P243,G6,S8,T20,false,85,6,1,27,6B,MATH,SND
P244,G6,S8,T20,false,85,6,1,27,6B,MATH,SND
P245,G6,S8,T20,false,85,6,1,27,6B,MATH,SND
P246,G6,S8,T20,false,85,6,1,27,6B,MATH,SND
P247,G6,S10,T13,false,85,1,1,27,6B,MG,SUM
P248,G6,S11,T20,false,85,2,1,27,6B,MS,SND
P249,G6,S11,T20,false,85,2,1,27,6B,MS,SND
P250,G6,S12,T18,false,85,1,1,27,6B,MUS,ROO
P251,G6,S13,T16,false,85,1,1,27,6B,NIE,VEE
P252,G6,S15,T12,false,85,4,1,27,6B,SAN,SOU
P253,G6,S15,T12,false,85,4,1,27,6B,SAN,SOU
P254,G6,S15,T12,false,85,4,1,27,6B,SAN,SOU
P255,G6,S15,T12,false,85,4,1,27,6B,SAN,SOU
P256,G6,S16,T6,false,85,6,1,27,6B,SCI,JYO
P257,G6,S16,T6,false,85,6,1,27,6B,SCI,JYO
P258,G6,S16,T6,false,85,6,1,27,6B,SCI,JYO
P259,G6,S16,T6,false,85,6,1,27,6B,SCI,JYO
P260,G6,S16,T6,false,85,6,1,27,6B,SCI,JYO
P261,G6,S16,T6,false,85,6,1,27,6B,SCI,JYO
P262,G6,S17,T1,false,85,6,1,27,6B,SS,ASH
P263,G6,S17,T1,false,85,6,1,27,6B,SS,ASH
P264,G6,S17,T1,false,85,6,1,27,6B,SS,ASH
P265,G6,S17,T1,false,85,6,1,27,6B,SS,ASH
P266,G6,S17,T1,false,85,6,1,27,6B,SS,ASH
P267,G6,S17,T1,false,85,6,1,27,6B,SS,ASH
P268,G6,S14,T7,false,85,3,1,27,6B,PT,MAL
P269,G6,S14,T7,false,85,3,1,27,6B,PT,MAL
P270,G6,S14,T7,false,85,3,1,27,6B,PT,MAL
P271,G7,S1,T3,false,85,2,1,27,6C,COM,DEE
P272,G7,S1,T3,false,85,2,1,27,6C,COM,DEE
P273,G7,S2,T16,false,85,1,1,27,6C,DC,VEE
P274,G7,S3,T10,false,85,6,1,27,6C,EN,SRU
P275,G7,S3,T10,false,85,6,1,27,6C,EN,SRU
P276,G7,S3,T10,false,85,6,1,27,6C,EN,SRU
P277,G7,S3,T10,false,85,6,1,27,6C,EN,SRU
P278,G7,S3,T10,false,85,6,1,27,6C,EN,SRU
P279,G7,S3,T10,false,85,6,1,27,6C,EN,SRU
P280,G7,S4,T10,false,85,1,1,27,6C,ENC,SRU
P281,G7,S6,T6,false,85,4,1,27,6C,KAN,JYO
P282,G7,S6,T6,false,85,4,1,27,6C,KAN,JYO
P283,G7,S6,T6,false,85,4,1,27,6C,KAN,JYO
P284,G7,S6,T6,false,85,4,1,27,6C,KAN,JYO
P285,G7,S7,T15,false,85,1,1,27,6C,LL,UMA
P286,G7,S8,T9,false,85,6,1,27,6C,MATH,CSP
P287,G7,S8,T9,false,85,6,1,27,6C,MATH,CSP
P288,G7,S8,T9,false,85,6,1,27,6C,MATH,CSP
P289,G7,S8,T9,false,85,6,1,27,6C,MATH,CSP
P290,G7,S8,T9,false,85,6,1,27,6C,MATH,CSP
P291,G7,S8,T9,false,85,6,1,27,6C,MATH,CSP
P292,G7,S10,T13,false,85,1,1,27,6C,MG,SUM
P293,G7,S11,T8,false,85,2,1,27,6C,MS,MLH
P294,G7,S11,T8,false,85,2,1,27,6C,MS,MLH
P295,G7,S12,T12,false,85,1,1,27,6C,MUS,SOU
P296,G7,S13,T16,false,85,1,1,27,6C,NIE,VEE
P297,G7,S15,T16,false,85,4,1,27,6C,SAN,VEE
P298,G7,S15,T16,false,85,4,1,27,6C,SAN,VEE
P299,G7,S15,T16,false,85,4,1,27,6C,SAN,VEE
P300,G7,S15,T16,false,85,4,1,27,6C,SAN,VEE
P301,G7,S16,T15,false,85,6,1,27,6C,SCI,UMA
P302,G7,S16,T15,false,85,6,1,27,6C,SCI,UMA
P303,G7,S16,T15,false,85,6,1,27,6C,SCI,UMA
P304,G7,S16,T15,false,85,6,1,27,6C,SCI,UMA
P305,G7,S16,T15,false,85,6,1,27,6C,SCI,UMA
P306,G7,S16,T15,false,85,6,1,27,6C,SCI,UMA
P307,G7,S17,T4,false,85,6,1,27,6C,SS,KRU
P308,G7,S17,T4,false,85,6,1,27,6C,SS,KRU
P309,G7,S17,T4,false,85,6,1,27,6C,SS,KRU
P310,G7,S17,T4,false,85,6,1,27,6C,SS,KRU
P311,G7,S17,T4,false,85,6,1,27,6C,SS,KRU
P312,G7,S17,T4,false,85,6,1,27,6C,SS,KRU
P313,G7,S14,T7,false,85,3,1,27,6C,PT,MAL
P314,G7,S14,T7,false,85,3,1,27,6C,PT,MAL
P315,G7,S14,T7,false,85,3,1,27,6C,PT,MAL
P316,G8,S1,T14,false,85,2,1,27,6D,COM,SUJ
P317,G8,S1,T14,false,85,2,1,27,6D,COM,SUJ
P318,G8,S2,T12,false,85,1,1,27,6D,DC,SOU
P319,G8,S3,T1,false,85,6,1,27,6D,EN,ASH
P320,G8,S3,T1,false,85,6,1,27,6D,EN,ASH
P321,G8,S3,T1,false,85,6,1,27,6D,EN,ASH
P322,G8,S3,T1,false,85,6,1,27,6D,EN,ASH
P323,G8,S3,T1,false,85,6,1,27,6D,EN,ASH
P324,G8,S3,T1,false,85,6,1,27,6D,EN,ASH
P325,G8,S4,T2,false,85,1,1,27,6D,ENC,CHA
P326,G8,S6,T16,false,85,4,1,27,6D,KAN,VEE
P327,G8,S6,T16,false,85,4,1,27,6D,KAN,VEE
P328,G8,S6,T16,false,85,4,1,27,6D,KAN,VEE
P329,G8,S6,T16,false,85,4,1,27,6D,KAN,VEE
P330,G8,S7,T2,false,85,1,1,27,6D,LL,CHA
P331,G8,S8,T8,false,85,6,1,27,6D,MATH,MLH
P332,G8,S8,T8,false,85,6,1,27,6D,MATH,MLH
P333,G8,S8,T8,false,85,6,1,27,6D,MATH,MLH
P334,G8,S8,T8,false,85,6,1,27,6D,MATH,MLH
P335,G8,S8,T8,false,85,6,1,27,6D,MATH,MLH
P336,G8,S8,T8,false,85,6,1,27,6D,MATH,MLH
P337,G8,S10,T6,false,85,1,1,27,6D,MG,JYO
P338,G8,S11,T8,false,85,2,1,27,6D,MS,MLH
P339,G8,S11,T8,false,85,2,1,27,6D,MS,MLH
P340,G8,S12,T7,false,85,1,1,27,6D,MUS,MAL
P341,G8,S13,T10,false,85,1,1,27,6D,NIE,SRU
P342,G8,S15,T11,false,85,4,1,27,6D,SAN,SHU
P343,G8,S15,T11,false,85,4,1,27,6D,SAN,SHU
P344,G8,S15,T11,false,85,4,1,27,6D,SAN,SHU
P345,G8,S15,T11,false,85,4,1,27,6D,SAN,SHU
P346,G8,S16,T2,false,85,6,1,27,6D,SCI,CHA
P347,G8,S16,T2,false,85,6,1,27,6D,SCI,CHA
P348,G8,S16,T2,false,85,6,1,27,6D,SCI,CHA
P349,G8,S16,T2,false,85,6,1,27,6D,SCI,CHA
P350,G8,S16,T2,false,85,6,1,27,6D,SCI,CHA
P351,G8,S16,T2,false,85,6,1,27,6D,SCI,CHA
P352,G8,S17,T10,false,85,6,1,27,6D,SS,SRU
P353,G8,S17,T10,false,85,6,1,27,6D,SS,SRU
P354,G8,S17,T10,false,85,6,1,27,6D,SS,SRU
P355,G8,S17,T10,false,85,6,1,27,6D,SS,SRU
P356,G8,S17,T10,false,85,6,1,27,6D,SS,SRU
P357,G8,S17,T10,false,85,6,1,27,6D,SS,SRU
P358,G8,S14,T7,false,85,3,1,27,6D,PT,MAL
P359,G8,S14,T7,false,85,3,1,27,6D,PT,MAL
P360,G8,S14,T7,false,85,3,1,27,6D,PT,MAL
P361,G9,S1,T2,false,85,2,1,27,7A,COM,CHA
P362,G9,S1,T2,false,85,2,1,27,7A,COM,CHA
P363,G9,S2,T12,false,85,1,1,27,7A,DC,SOU
P364,G9,S3,T5,false,85,6,1,27,7A,EN,JK
P365,G9,S3,T5,false,85,6,1,27,7A,EN,JK
P366,G9,S3,T5,false,85,6,1,27,7A,EN,JK
P367,G9,S3,T5,false,85,6,1,27,7A,EN,JK
P368,G9,S3,T5,false,85,6,1,27,7A,EN,JK
P369,G9,S3,T5,false,85,6,1,27,7A,EN,JK
P370,G9,S4,T5,false,85,1,1,27,7A,ENC,JK
P371,G9,S6,T13,false,85,4,1,27,7A,KAN,SUM
P372,G9,S6,T13,false,85,4,1,27,7A,KAN,SUM
P373,G9,S6,T13,false,85,4,1,27,7A,KAN,SUM
P374,G9,S6,T13,false,85,4,1,27,7A,KAN,SUM
P375,G9,S7,T18,false,85,1,1,27,7A,LL,ROO
P376,G9,S8,T14,false,85,6,1,27,7A,MATH,SUJ
P377,G9,S8,T14,false,85,6,1,27,7A,MATH,SUJ
P378,G9,S8,T14,false,85,6,1,27,7A,MATH,SUJ
P379,G9,S8,T14,false,85,6,1,27,7A,MATH,SUJ
P380,G9,S8,T14,false,85,6,1,27,7A,MATH,SUJ
P381,G9,S8,T14,false,85,6,1,27,7A,MATH,SUJ
P382,G9,S10,T6,false,85,1,1,27,7A,MG,JYO
P383,G9,S11,T14,false,85,2,1,27,7A,MS,SUJ
P384,G9,S11,T14,false,85,2,1,27,7A,MS,SUJ
P385,G9,S12,T7,false,85,1,1,27,7A,MUS,MAL
P386,G9,S13,T6,false,85,1,1,27,7A,NIE,JYO
P387,G9,S15,T20,false,85,4,1,27,7A,SAN,SND
P388,G9,S15,T20,false,85,4,1,27,7A,SAN,SND
P389,G9,S15,T20,false,85,4,1,27,7A,SAN,SND
P390,G9,S15,T20,false,85,4,1,27,7A,SAN,SND
P391,G9,S16,T18,false,85,6,1,27,7A,SCI,ROO
P392,G9,S16,T18,false,85,6,1,27,7A,SCI,ROO
P393,G9,S16,T18,false,85,6,1,27,7A,SCI,ROO
P394,G9,S16,T18,false,85,6,1,27,7A,SCI,ROO
P395,G9,S16,T18,false,85,6,1,27,7A,SCI,ROO
P396,G9,S16,T18,false,85,6,1,27,7A,SCI,ROO
P397,G9,S17,T17,false,85,6,1,27,7A,SS,KUM
P398,G9,S17,T17,false,85,6,1,27,7A,SS,KUM
P399,G9,S17,T17,false,85,6,1,27,7A,SS,KUM
P400,G9,S17,T17,false,85,6,1,27,7A,SS,KUM
P401,G9,S17,T17,false,85,6,1,27,7A,SS,KUM
P402,G9,S17,T17,false,85,6,1,27,7A,SS,KUM
P403,G9,S14,T7,false,85,3,1,27,7A,PT,MAL
P404,G9,S14,T7,false,85,3,1,27,7A,PT,MAL
P405,G9,S14,T7,false,85,3,1,27,7A,PT,MAL
P406,G10,S1,T3,false,85,2,1,27,7B,COM,DEE
P407,G10,S1,T3,false,85,2,1,27,7B,COM,DEE
P408,G10,S2,T16,false,85,1,1,27,7B,DC,VEE
P409,G10,S3,T1,false,85,6,1,27,7B,EN,ASH
P410,G10,S3,T1,false,85,6,1,27,7B,EN,ASH
P411,G10,S3,T1,false,85,6,1,27,7B,EN,ASH
P412,G10,S3,T1,false,85,6,1,27,7B,EN,ASH
P413,G10,S3,T1,false,85,6,1,27,7B,EN,ASH
P414,G10,S3,T1,false,85,6,1,27,7B,EN,ASH
P415,G10,S4,T1,false,85,1,1,27,7B,ENC,ASH
P416,G10,S6,T6,false,85,4,1,27,7B,KAN,JYO
P417,G10,S6,T6,false,85,4,1,27,7B,KAN,JYO
P418,G10,S6,T6,false,85,4,1,27,7B,KAN,JYO
P419,G10,S6,T6,false,85,4,1,27,7B,KAN,JYO
P420,G10,S7,T6,false,85,1,1,27,7B,LL,JYO
P421,G10,S8,T8,false,85,6,1,27,7B,MATH,MLH
P422,G10,S8,T8,false,85,6,1,27,7B,MATH,MLH
P423,G10,S8,T8,false,85,6,1,27,7B,MATH,MLH
P424,G10,S8,T8,false,85,6,1,27,7B,MATH,MLH
P425,G10,S8,T8,false,85,6,1,27,7B,MATH,MLH
P426,G10,S8,T8,false,85,6,1,27,7B,MATH,MLH
P427,G10,S10,T17,false,85,1,1,27,7B,MG,KUM
P428,G10,S11,T8,false,85,2,1,27,7B,MS,MLH
P429,G10,S11,T8,false,85,2,1,27,7B,MS,MLH
P430,G10,S12,T18,false,85,1,1,27,7B,MUS,ROO
P431,G10,S13,T7,false,85,1,1,27,7B,NIE,MAL
P432,G10,S15,T11,false,85,4,1,27,7B,SAN,SHU
P433,G10,S15,T11,false,85,4,1,27,7B,SAN,SHU
P434,G10,S15,T11,false,85,4,1,27,7B,SAN,SHU
P435,G10,S15,T11,false,85,4,1,27,7B,SAN,SHU
P436,G10,S16,T3,false,85,6,1,27,7B,SCI,DEE
P437,G10,S16,T3,false,85,6,1,27,7B,SCI,DEE
P438,G10,S16,T3,false,85,6,1,27,7B,SCI,DEE
P439,G10,S16,T3,false,85,6,1,27,7B,SCI,DEE
P440,G10,S16,T3,false,85,6,1,27,7B,SCI,DEE
P441,G10,S16,T3,false,85,6,1,27,7B,SCI,DEE
P442,G10,S17,T4,false,85,6,1,27,7B,SS,KRU
P443,G10,S17,T4,false,85,6,1,27,7B,SS,KRU
P444,G10,S17,T4,false,85,6,1,27,7B,SS,KRU
P445,G10,S17,T4,false,85,6,1,27,7B,SS,KRU
P446,G10,S17,T4,false,85,6,1,27,7B,SS,KRU
P447,G10,S17,T4,false,85,6,1,27,7B,SS,KRU
P448,G10,S14,T3,false,85,3,1,27,7B,PT,DEE
P449,G10,S14,T3,false,85,3,1,27,7B,PT,DEE
P450,G10,S14,T3,false,85,3,1,27,7B,PT,DEE
P451,G11,S1,T11,false,85,2,1,27,7C,COM,SHU
P452,G11,S1,T11,false,85,2,1,27,7C,COM,SHU
P453,G11,S2,T7,false,85,1,1,27,7C,DC,MAL
P454,G11,S3,T17,false,85,6,1,27,7C,EN,KUM
P455,G11,S3,T17,false,85,6,1,27,7C,EN,KUM
P456,G11,S3,T17,false,85,6,1,27,7C,EN,KUM
P457,G11,S3,T17,false,85,6,1,27,7C,EN,KUM
P458,G11,S3,T17,false,85,6,1,27,7C,EN,KUM
P459,G11,S3,T17,false,85,6,1,27,7C,EN,KUM
P460,G11,S4,T17,false,85,1,1,27,7C,ENC,KUM
P461,G11,S6,T16,false,85,4,1,27,7C,KAN,VEE
P462,G11,S6,T16,false,85,4,1,27,7C,KAN,VEE
P463,G11,S6,T16,false,85,4,1,27,7C,KAN,VEE
P464,G11,S6,T16,false,85,4,1,27,7C,KAN,VEE
P465,G11,S7,T6,false,85,1,1,27,7C,LL,JYO
P466,G11,S8,T20,false,85,6,1,27,7C,MATH,SND
P467,G11,S8,T20,false,85,6,1,27,7C,MATH,SND
P468,G11,S8,T20,false,85,6,1,27,7C,MATH,SND
P469,G11,S8,T20,false,85,6,1,27,7C,MATH,SND
P470,G11,S8,T20,false,85,6,1,27,7C,MATH,SND
P471,G11,S8,T20,false,85,6,1,27,7C,MATH,SND
P472,G11,S10,T10,false,85,1,1,27,7C,MG,SRU
P473,G11,S11,T20,false,85,2,1,27,7C,MS,SND
P474,G11,S11,T20,false,85,2,1,27,7C,MS,SND
P475,G11,S12,T7,false,85,1,1,27,7C,MUS,MAL
P476,G11,S13,T7,false,85,1,1,27,7C,NIE,MAL
P477,G11,S15,T18,false,85,4,1,27,7C,SAN,ROO
P478,G11,S15,T18,false,85,4,1,27,7C,SAN,ROO
P479,G11,S15,T18,false,85,4,1,27,7C,SAN,ROO
P480,G11,S15,T18,false,85,4,1,27,7C,SAN,ROO
P481,G11,S16,T6,false,85,6,1,27,7C,SCI,JYO
P482,G11,S16,T6,false,85,6,1,27,7C,SCI,JYO
P483,G11,S16,T6,false,85,6,1,27,7C,SCI,JYO
P484,G11,S16,T6,false,85,6,1,27,7C,SCI,JYO
P485,G11,S16,T6,false,85,6,1,27,7C,SCI,JYO
P486,G11,S16,T6,false,85,6,1,27,7C,SCI,JYO
P487,G11,S17,T5,false,85,6,1,27,7C,SS,JK
P488,G11,S17,T5,false,85,6,1,27,7C,SS,JK
P489,G11,S17,T5,false,85,6,1,27,7C,SS,JK
P490,G11,S17,T5,false,85,6,1,27,7C,SS,JK
P491,G11,S17,T5,false,85,6,1,27,7C,SS,JK
P492,G11,S17,T5,false,85,6,1,27,7C,SS,JK
P493,G11,S14,T7,false,85,3,1,27,7C,PT,MAL
P494,G11,S14,T7,false,85,3,1,27,7C,PT,MAL
P495,G11,S14,T7,false,85,3,1,27,7C,PT,MAL
P496,G12,S1,T3,false,85,2,1,27,7D,COM,DEE
P497,G12,S1,T3,false,85,2,1,27,7D,COM,DEE
P498,G12,S2,T18,false,85,1,1,27,7D,DC,ROO
P499,G12,S3,T3,false,85,6,1,27,7D,EN,DEE
P500,G12,S3,T3,false,85,6,1,27,7D,EN,DEE
P501,G12,S3,T3,false,85,6,1,27,7D,EN,DEE
P502,G12,S3,T3,false,85,6,1,27,7D,EN,DEE
P503,G12,S3,T3,false,85,6,1,27,7D,EN,DEE
P504,G12,S3,T3,false,85,6,1,27,7D,EN,DEE
P505,G12,S4,T1,false,85,1,1,27,7D,ENC,ASH
P506,G12,S6,T15,false,85,4,1,27,7D,KAN,UMA
P507,G12,S6,T15,false,85,4,1,27,7D,KAN,UMA
P508,G12,S6,T15,false,85,4,1,27,7D,KAN,UMA
P509,G12,S6,T15,false,85,4,1,27,7D,KAN,UMA
P510,G12,S7,T19,false,85,1,1,27,7D,LL,MAM
P511,G12,S8,T9,false,85,6,1,27,7D,MATH,CSP
P512,G12,S8,T9,false,85,6,1,27,7D,MATH,CSP
P513,G12,S8,T9,false,85,6,1,27,7D,MATH,CSP
P514,G12,S8,T9,false,85,6,1,27,7D,MATH,CSP
P515,G12,S8,T9,false,85,6,1,27,7D,MATH,CSP
P516,G12,S8,T9,false,85,6,1,27,7D,MATH,CSP
P517,G12,S10,T18,false,85,1,1,27,7D,MG,ROO
P518,G12,S11,T9,false,85,2,1,27,7D,MS,CSP
P519,G12,S11,T9,false,85,2,1,27,7D,MS,CSP
P520,G12,S12,T7,false,85,1,1,27,7D,MUS,MAL
P521,G12,S13,T8,false,85,1,1,27,7D,NIE,MLH
P522,G12,S15,T16,false,85,4,1,27,7D,SAN,VEE
P523,G12,S15,T16,false,85,4,1,27,7D,SAN,VEE
P524,G12,S15,T16,false,85,4,1,27,7D,SAN,VEE
P525,G12,S15,T16,false,85,4,1,27,7D,SAN,VEE
P526,G12,S16,T19,false,85,6,1,27,7D,SCI,MAM
P527,G12,S16,T19,false,85,6,1,27,7D,SCI,MAM
P528,G12,S16,T19,false,85,6,1,27,7D,SCI,MAM
P529,G12,S16,T19,false,85,6,1,27,7D,SCI,MAM
P530,G12,S16,T19,false,85,6,1,27,7D,SCI,MAM
P531,G12,S16,T19,false,85,6,1,27,7D,SCI,MAM
P532,G12,S17,T1,false,85,6,1,27,7D,SS,ASH
P533,G12,S17,T1,false,85,6,1,27,7D,SS,ASH
P534,G12,S17,T1,false,85,6,1,27,7D,SS,ASH
P535,G12,S17,T1,false,85,6,1,27,7D,SS,ASH
P536,G12,S17,T1,false,85,6,1,27,7D,SS,ASH
P537,G12,S17,T1,false,85,6,1,27,7D,SS,ASH
P538,G12,S14,T14,false,85,3,1,27,7D,PT,SUJ
P539,G12,S14,T14,false,85,3,1,27,7D,PT,SUJ
P540,G12,S14,T14,false,85,3,1,27,7D,PT,SUJ